date,borough,total_trips
2025-01-01,Bronx,125
2025-01-02,Bronx,233
2025-01-03,Bronx,235
2025-01-04,Bronx,163
2025-01-05,Bronx,141
2025-01-06,Bronx,173
2025-01-07,Bronx,200
2025-01-08,Bronx,176
2025-01-09,Bronx,184
2025-01-10,Bronx,198
2025-01-11,Bronx,158
2025-01-12,Bronx,147
2025-01-13,Bronx,227
2025-01-14,Bronx,235
2025-01-15,Bronx,274
2025-01-16,Bronx,261
2025-01-17,Bronx,213
2025-01-18,Bronx,190
2025-01-19,Bronx,146
2025-01-20,Bronx,81
2025-01-21,Bronx,233
2025-01-22,Bronx,219
2025-01-23,Bronx,292
2025-01-24,Bronx,248
2025-01-25,Bronx,173
2025-01-26,Bronx,160
2025-01-27,Bronx,277
2025-01-28,Bronx,261
2025-01-29,Bronx,244
2025-01-30,Bronx,240
2025-01-31,Bronx,271
2025-02-01,Bronx,164
2025-02-02,Bronx,171
2025-02-03,Bronx,247
2025-02-04,Bronx,227
2025-02-05,Bronx,259
2025-02-06,Bronx,202
2025-02-07,Bronx,281
2025-02-08,Bronx,151
2025-02-09,Bronx,107
2025-02-10,Bronx,249
2025-02-11,Bronx,237
2025-02-12,Bronx,233
2025-02-13,Bronx,251
2025-02-14,Bronx,232
2025-02-15,Bronx,171
2025-02-16,Bronx,113
2025-02-17,Bronx,98
2025-02-18,Bronx,251
2025-02-19,Bronx,251
2025-02-20,Bronx,274
2025-02-21,Bronx,269
2025-02-22,Bronx,192
2025-02-23,Bronx,168
2025-02-24,Bronx,248
2025-02-25,Bronx,283
2025-02-26,Bronx,283
2025-02-27,Bronx,259
2025-02-28,Bronx,308
2025-03-01,Bronx,179
2025-03-02,Bronx,175
2025-03-03,Bronx,238
2025-03-04,Bronx,302
2025-03-05,Bronx,210
2025-03-06,Bronx,296
2025-03-07,Bronx,263
2025-03-08,Bronx,177
2025-03-09,Bronx,145
2025-03-10,Bronx,271
2025-03-11,Bronx,232
2025-03-12,Bronx,228
2025-03-13,Bronx,248
2025-03-14,Bronx,312
2025-03-15,Bronx,178
2025-03-16,Bronx,148
2025-03-17,Bronx,248
2025-03-18,Bronx,286
2025-03-19,Bronx,295
2025-03-20,Bronx,286
2025-03-21,Bronx,308
2025-03-22,Bronx,204
2025-03-23,Bronx,147
2025-03-24,Bronx,241
2025-03-25,Bronx,275
2025-03-26,Bronx,281
2025-03-27,Bronx,305
2025-03-28,Bronx,266
2025-03-29,Bronx,196
2025-03-30,Bronx,145
2025-03-31,Bronx,289
2025-04-01,Bronx,263
2025-04-02,Bronx,278
2025-04-03,Bronx,297
2025-04-04,Bronx,314
2025-04-05,Bronx,184
2025-04-06,Bronx,154
2025-04-07,Bronx,217
2025-04-08,Bronx,290
2025-04-09,Bronx,254
2025-04-10,Bronx,298
2025-04-11,Bronx,311
2025-04-12,Bronx,153
2025-04-13,Bronx,211
2025-04-14,Bronx,333
2025-04-15,Bronx,244
2025-04-16,Bronx,265
2025-04-17,Bronx,280
2025-04-18,Bronx,227
2025-04-19,Bronx,186
2025-04-20,Bronx,176
2025-04-21,Bronx,285
2025-04-22,Bronx,285
2025-04-23,Bronx,304
2025-04-24,Bronx,282
2025-04-25,Bronx,367
2025-04-26,Bronx,207
2025-04-27,Bronx,172
2025-04-28,Bronx,223
2025-04-29,Bronx,314
2025-04-30,Bronx,308
2025-05-01,Bronx,318
2025-05-02,Bronx,377
2025-05-03,Bronx,187
2025-05-04,Bronx,138
2025-05-05,Bronx,261
2025-05-06,Bronx,266
2025-05-07,Bronx,247
2025-05-08,Bronx,311
2025-05-09,Bronx,277
2025-05-10,Bronx,200
2025-05-11,Bronx,189
2025-05-12,Bronx,238
2025-05-13,Bronx,269
2025-05-14,Bronx,241
2025-05-15,Bronx,291
2025-05-16,Bronx,289
2025-05-17,Bronx,198
2025-05-18,Bronx,208
2025-05-19,Bronx,238
2025-05-20,Bronx,287
2025-05-21,Bronx,293
2025-05-22,Bronx,286
2025-05-23,Bronx,301
2025-05-24,Bronx,180
2025-05-25,Bronx,234
2025-05-26,Bronx,103
2025-05-27,Bronx,325
2025-05-28,Bronx,276
2025-05-29,Bronx,285
2025-05-30,Bronx,271
2025-05-31,Bronx,171
2025-06-01,Bronx,194
2025-06-02,Bronx,263
2025-06-03,Bronx,284
2025-06-04,Bronx,319
2025-06-05,Bronx,330
2025-06-06,Bronx,345
2025-06-07,Bronx,192
2025-06-08,Bronx,213
2025-06-09,Bronx,244
2025-06-10,Bronx,299
2025-06-11,Bronx,289
2025-06-12,Bronx,400
2025-06-13,Bronx,275
2025-06-14,Bronx,215
2025-06-15,Bronx,219
2025-06-16,Bronx,289
2025-06-17,Bronx,368
2025-06-18,Bronx,394
2025-06-19,Bronx,167
2025-06-20,Bronx,381
2025-06-21,Bronx,235
2025-06-22,Bronx,186
2025-06-23,Bronx,262
2025-06-24,Bronx,274
2025-06-25,Bronx,288
2025-06-26,Bronx,308
2025-06-27,Bronx,303
2025-06-28,Bronx,231
2025-06-29,Bronx,167
2025-06-30,Bronx,277
2025-07-01,Bronx,338
2025-07-02,Bronx,331
2025-07-03,Bronx,324
2025-07-04,Bronx,151
2025-07-05,Bronx,229
2025-07-06,Bronx,190
2025-07-07,Bronx,293
2025-07-08,Bronx,331
2025-07-09,Bronx,362
2025-07-10,Bronx,322
2025-07-11,Bronx,375
2025-07-12,Bronx,184
2025-07-13,Bronx,254
2025-07-14,Bronx,287
2025-07-15,Bronx,294
2025-07-16,Bronx,408
2025-07-17,Bronx,358
2025-07-18,Bronx,346
2025-07-19,Bronx,252
2025-07-20,Bronx,227
2025-07-21,Bronx,358
2025-07-22,Bronx,310
2025-07-23,Bronx,400
2025-07-24,Bronx,365
2025-07-25,Bronx,355
2025-07-26,Bronx,267
2025-07-27,Bronx,223
2025-07-28,Bronx,317
2025-07-29,Bronx,422
2025-07-30,Bronx,382
2025-07-31,Bronx,322
2025-08-01,Bronx,314
2025-08-02,Bronx,234
2025-08-03,Bronx,209
2025-08-04,Bronx,399
2025-08-05,Bronx,394
2025-08-06,Bronx,402
2025-08-07,Bronx,478
2025-08-08,Bronx,413
2025-08-09,Bronx,293
2025-08-10,Bronx,257
2025-08-11,Bronx,410
2025-08-12,Bronx,375
2025-08-13,Bronx,471
2025-08-14,Bronx,454
2025-08-15,Bronx,384
2025-08-16,Bronx,270
2025-08-17,Bronx,289
2025-08-18,Bronx,414
2025-08-19,Bronx,407
2025-08-20,Bronx,545
2025-08-21,Bronx,507
2025-08-22,Bronx,571
2025-08-23,Bronx,298
2025-08-24,Bronx,300
2025-08-25,Bronx,500
2025-08-26,Bronx,488
2025-08-27,Bronx,429
2025-08-28,Bronx,515
2025-08-29,Bronx,520
2025-08-30,Bronx,327
2025-08-31,Bronx,276
2025-09-01,Bronx,115
2025-09-02,Bronx,579
2025-09-03,Bronx,523
2025-09-04,Bronx,459
2025-09-05,Bronx,457
2025-09-06,Bronx,305
2025-09-07,Bronx,296
2025-09-08,Bronx,451
2025-09-09,Bronx,530
2025-09-10,Bronx,467
2025-09-11,Bronx,464
2025-09-12,Bronx,480
2025-09-13,Bronx,349
2025-09-14,Bronx,307
2025-09-15,Bronx,499
2025-09-16,Bronx,587
2025-09-17,Bronx,499
2025-09-18,Bronx,508
2025-09-19,Bronx,556
2025-09-20,Bronx,400
2025-09-21,Bronx,369
2025-09-22,Bronx,505
2025-09-23,Bronx,535
2025-09-24,Bronx,554
2025-09-25,Bronx,593
2025-09-26,Bronx,596
2025-09-27,Bronx,440
2025-09-28,Bronx,377
2025-09-29,Bronx,541
2025-09-30,Bronx,540
2025-10-01,Bronx,640
2025-10-02,Bronx,600
2025-10-03,Bronx,696
2025-10-04,Bronx,379
2025-10-05,Bronx,336
2025-10-06,Bronx,566
2025-10-07,Bronx,574
2025-10-08,Bronx,719
2025-10-09,Bronx,555
2025-10-10,Bronx,639
2025-10-11,Bronx,419
2025-10-12,Bronx,378
2025-10-13,Bronx,276
2025-10-14,Bronx,650
2025-10-15,Bronx,621
2025-10-16,Bronx,627
2025-10-17,Bronx,655
2025-10-18,Bronx,403
2025-10-19,Bronx,390
2025-10-20,Bronx,612
2025-10-21,Bronx,597
2025-10-22,Bronx,622
2025-10-23,Bronx,756
2025-10-24,Bronx,724
2025-10-25,Bronx,412
2025-10-26,Bronx,382
2025-10-27,Bronx,669
2025-10-28,Bronx,710
2025-10-29,Bronx,670
2025-10-30,Bronx,716
2025-10-31,Bronx,796
2025-11-01,Bronx,398
2025-11-02,Bronx,294
2025-11-03,Bronx,709
2025-11-04,Bronx,682
2025-11-05,Bronx,698
2025-11-06,Bronx,751
2025-11-07,Bronx,777
2025-11-08,Bronx,378
2025-11-09,Bronx,368
2025-11-10,Bronx,702
2025-11-11,Bronx,453
2025-11-12,Bronx,673
2025-11-13,Bronx,699
2025-11-14,Bronx,718
2025-11-15,Bronx,369
2025-11-16,Bronx,386
2025-11-17,Bronx,809
2025-11-18,Bronx,859
2025-11-19,Bronx,816
2025-11-20,Bronx,853
2025-11-21,Bronx,837
2025-11-22,Bronx,393
2025-11-23,Bronx,390
2025-11-24,Bronx,814
2025-11-25,Bronx,835
2025-11-26,Bronx,901
2025-11-27,Bronx,511
2025-11-28,Bronx,255
2025-11-29,Bronx,400
2025-11-30,Bronx,350
2025-12-01,Bronx,821
2025-12-02,Bronx,774
2025-12-03,Bronx,778
2025-12-04,Bronx,851
2025-12-05,Bronx,879
2025-12-06,Bronx,372
2025-12-07,Bronx,357
2025-12-08,Bronx,829
2025-12-09,Bronx,813
2025-12-10,Bronx,798
2025-12-11,Bronx,836
2025-12-12,Bronx,874
2025-12-13,Bronx,346
2025-12-14,Bronx,283
2025-12-15,Bronx,764
2025-12-16,Bronx,773
2025-12-17,Bronx,786
2025-12-18,Bronx,817
2025-12-19,Bronx,831
2025-12-20,Bronx,391
2025-12-21,Bronx,341
2025-12-22,Bronx,839
2025-12-23,Bronx,829
2025-12-24,Bronx,432
2025-12-25,Bronx,261
2025-12-26,Bronx,430
2025-12-27,Bronx,186
2025-12-28,Bronx,309
2025-12-29,Bronx,611
2025-12-30,Bronx,633
2025-12-31,Bronx,552
2025-01-01,Brooklyn,581
2025-01-02,Brooklyn,861
2025-01-03,Brooklyn,996
2025-01-04,Brooklyn,677
2025-01-05,Brooklyn,698
2025-01-06,Brooklyn,747
2025-01-07,Brooklyn,766
2025-01-08,Brooklyn,924
2025-01-09,Brooklyn,806
2025-01-10,Brooklyn,853
2025-01-11,Brooklyn,618
2025-01-12,Brooklyn,730
2025-01-13,Brooklyn,887
2025-01-14,Brooklyn,946
2025-01-15,Brooklyn,967
2025-01-16,Brooklyn,905
2025-01-17,Brooklyn,920
2025-01-18,Brooklyn,733
2025-01-19,Brooklyn,623
2025-01-20,Brooklyn,357
2025-01-21,Brooklyn,850
2025-01-22,Brooklyn,883
2025-01-23,Brooklyn,931
2025-01-24,Brooklyn,972
2025-01-25,Brooklyn,684
2025-01-26,Brooklyn,689
2025-01-27,Brooklyn,868
2025-01-28,Brooklyn,919
2025-01-29,Brooklyn,971
2025-01-30,Brooklyn,1013
2025-01-31,Brooklyn,965
2025-02-01,Brooklyn,727
2025-02-02,Brooklyn,798
2025-02-03,Brooklyn,883
2025-02-04,Brooklyn,942
2025-02-05,Brooklyn,953
2025-02-06,Brooklyn,885
2025-02-07,Brooklyn,848
2025-02-08,Brooklyn,675
2025-02-09,Brooklyn,559
2025-02-10,Brooklyn,813
2025-02-11,Brooklyn,940
2025-02-12,Brooklyn,933
2025-02-13,Brooklyn,1043
2025-02-14,Brooklyn,897
2025-02-15,Brooklyn,647
2025-02-16,Brooklyn,621
2025-02-17,Brooklyn,449
2025-02-18,Brooklyn,858
2025-02-19,Brooklyn,934
2025-02-20,Brooklyn,898
2025-02-21,Brooklyn,873
2025-02-22,Brooklyn,710
2025-02-23,Brooklyn,839
2025-02-24,Brooklyn,899
2025-02-25,Brooklyn,903
2025-02-26,Brooklyn,985
2025-02-27,Brooklyn,949
2025-02-28,Brooklyn,966
2025-03-01,Brooklyn,841
2025-03-02,Brooklyn,933
2025-03-03,Brooklyn,857
2025-03-04,Brooklyn,925
2025-03-05,Brooklyn,971
2025-03-06,Brooklyn,1043
2025-03-07,Brooklyn,986
2025-03-08,Brooklyn,740
2025-03-09,Brooklyn,798
2025-03-10,Brooklyn,907
2025-03-11,Brooklyn,907
2025-03-12,Brooklyn,952
2025-03-13,Brooklyn,991
2025-03-14,Brooklyn,993
2025-03-15,Brooklyn,892
2025-03-16,Brooklyn,843
2025-03-17,Brooklyn,943
2025-03-18,Brooklyn,976
2025-03-19,Brooklyn,1009
2025-03-20,Brooklyn,961
2025-03-21,Brooklyn,960
2025-03-22,Brooklyn,926
2025-03-23,Brooklyn,948
2025-03-24,Brooklyn,938
2025-03-25,Brooklyn,957
2025-03-26,Brooklyn,946
2025-03-27,Brooklyn,1013
2025-03-28,Brooklyn,959
2025-03-29,Brooklyn,1050
2025-03-30,Brooklyn,775
2025-03-31,Brooklyn,787
2025-04-01,Brooklyn,919
2025-04-02,Brooklyn,974
2025-04-03,Brooklyn,980
2025-04-04,Brooklyn,994
2025-04-05,Brooklyn,860
2025-04-06,Brooklyn,948
2025-04-07,Brooklyn,942
2025-04-08,Brooklyn,914
2025-04-09,Brooklyn,915
2025-04-10,Brooklyn,1084
2025-04-11,Brooklyn,1008
2025-04-12,Brooklyn,696
2025-04-13,Brooklyn,950
2025-04-14,Brooklyn,845
2025-04-15,Brooklyn,1048
2025-04-16,Brooklyn,1053
2025-04-17,Brooklyn,1088
2025-04-18,Brooklyn,977
2025-04-19,Brooklyn,1008
2025-04-20,Brooklyn,1039
2025-04-21,Brooklyn,996
2025-04-22,Brooklyn,970
2025-04-23,Brooklyn,1071
2025-04-24,Brooklyn,1092
2025-04-25,Brooklyn,1068
2025-04-26,Brooklyn,883
2025-04-27,Brooklyn,1248
2025-04-28,Brooklyn,972
2025-04-29,Brooklyn,936
2025-04-30,Brooklyn,1130
2025-05-01,Brooklyn,1018
2025-05-02,Brooklyn,1031
2025-05-03,Brooklyn,1105
2025-05-04,Brooklyn,1066
2025-05-05,Brooklyn,1029
2025-05-06,Brooklyn,956
2025-05-07,Brooklyn,1091
2025-05-08,Brooklyn,1110
2025-05-09,Brooklyn,1141
2025-05-10,Brooklyn,915
2025-05-11,Brooklyn,1098
2025-05-12,Brooklyn,1037
2025-05-13,Brooklyn,920
2025-05-14,Brooklyn,1006
2025-05-15,Brooklyn,1144
2025-05-16,Brooklyn,1209
2025-05-17,Brooklyn,1122
2025-05-18,Brooklyn,942
2025-05-19,Brooklyn,1024
2025-05-20,Brooklyn,1001
2025-05-21,Brooklyn,1144
2025-05-22,Brooklyn,1112
2025-05-23,Brooklyn,1232
2025-05-24,Brooklyn,993
2025-05-25,Brooklyn,955
2025-05-26,Brooklyn,592
2025-05-27,Brooklyn,991
2025-05-28,Brooklyn,1105
2025-05-29,Brooklyn,1074
2025-05-30,Brooklyn,1117
2025-05-31,Brooklyn,874
2025-06-01,Brooklyn,1049
2025-06-02,Brooklyn,1028
2025-06-03,Brooklyn,1091
2025-06-04,Brooklyn,1052
2025-06-05,Brooklyn,1149
2025-06-06,Brooklyn,1044
2025-06-07,Brooklyn,903
2025-06-08,Brooklyn,941
2025-06-09,Brooklyn,1044
2025-06-10,Brooklyn,1106
2025-06-11,Brooklyn,1199
2025-06-12,Brooklyn,1125
2025-06-13,Brooklyn,1439
2025-06-14,Brooklyn,856
2025-06-15,Brooklyn,937
2025-06-16,Brooklyn,1136
2025-06-17,Brooklyn,1076
2025-06-18,Brooklyn,1083
2025-06-19,Brooklyn,954
2025-06-20,Brooklyn,1285
2025-06-21,Brooklyn,1081
2025-06-22,Brooklyn,982
2025-06-23,Brooklyn,1164
2025-06-24,Brooklyn,1193
2025-06-25,Brooklyn,1205
2025-06-26,Brooklyn,1315
2025-06-27,Brooklyn,1145
2025-06-28,Brooklyn,871
2025-06-29,Brooklyn,1042
2025-06-30,Brooklyn,1120
2025-07-01,Brooklyn,1120
2025-07-02,Brooklyn,1096
2025-07-03,Brooklyn,1128
2025-07-04,Brooklyn,656
2025-07-05,Brooklyn,859
2025-07-06,Brooklyn,900
2025-07-07,Brooklyn,1075
2025-07-08,Brooklyn,1210
2025-07-09,Brooklyn,1197
2025-07-10,Brooklyn,1123
2025-07-11,Brooklyn,1237
2025-07-12,Brooklyn,1039
2025-07-13,Brooklyn,1094
2025-07-14,Brooklyn,1117
2025-07-15,Brooklyn,1212
2025-07-16,Brooklyn,1126
2025-07-17,Brooklyn,1232
2025-07-18,Brooklyn,1314
2025-07-19,Brooklyn,1076
2025-07-20,Brooklyn,1053
2025-07-21,Brooklyn,1073
2025-07-22,Brooklyn,1386
2025-07-23,Brooklyn,1139
2025-07-24,Brooklyn,1198
2025-07-25,Brooklyn,1335
2025-07-26,Brooklyn,1004
2025-07-27,Brooklyn,1101
2025-07-28,Brooklyn,1112
2025-07-29,Brooklyn,1153
2025-07-30,Brooklyn,1125
2025-07-31,Brooklyn,1271
2025-08-01,Brooklyn,1293
2025-08-02,Brooklyn,967
2025-08-03,Brooklyn,1154
2025-08-04,Brooklyn,1164
2025-08-05,Brooklyn,1256
2025-08-06,Brooklyn,1396
2025-08-07,Brooklyn,1297
2025-08-08,Brooklyn,1673
2025-08-09,Brooklyn,1066
2025-08-10,Brooklyn,1267
2025-08-11,Brooklyn,1382
2025-08-12,Brooklyn,1455
2025-08-13,Brooklyn,1386
2025-08-14,Brooklyn,1380
2025-08-15,Brooklyn,1520
2025-08-16,Brooklyn,1173
2025-08-17,Brooklyn,1239
2025-08-18,Brooklyn,1313
2025-08-19,Brooklyn,1514
2025-08-20,Brooklyn,1448
2025-08-21,Brooklyn,1455
2025-08-22,Brooklyn,1615
2025-08-23,Brooklyn,1281
2025-08-24,Brooklyn,1391
2025-08-25,Brooklyn,1614
2025-08-26,Brooklyn,1544
2025-08-27,Brooklyn,1586
2025-08-28,Brooklyn,1484
2025-08-29,Brooklyn,1599
2025-08-30,Brooklyn,1215
2025-08-31,Brooklyn,1355
2025-09-01,Brooklyn,534
2025-09-02,Brooklyn,1450
2025-09-03,Brooklyn,1610
2025-09-04,Brooklyn,1536
2025-09-05,Brooklyn,1670
2025-09-06,Brooklyn,1300
2025-09-07,Brooklyn,1221
2025-09-08,Brooklyn,1653
2025-09-09,Brooklyn,1770
2025-09-10,Brooklyn,1664
2025-09-11,Brooklyn,1620
2025-09-12,Brooklyn,1758
2025-09-13,Brooklyn,1303
2025-09-14,Brooklyn,1404
2025-09-15,Brooklyn,1587
2025-09-16,Brooklyn,1668
2025-09-17,Brooklyn,1726
2025-09-18,Brooklyn,1938
2025-09-19,Brooklyn,1841
2025-09-20,Brooklyn,1479
2025-09-21,Brooklyn,1561
2025-09-22,Brooklyn,1766
2025-09-23,Brooklyn,1565
2025-09-24,Brooklyn,1904
2025-09-25,Brooklyn,1864
2025-09-26,Brooklyn,1861
2025-09-27,Brooklyn,1480
2025-09-28,Brooklyn,1493
2025-09-29,Brooklyn,1856
2025-09-30,Brooklyn,1792
2025-10-01,Brooklyn,1819
2025-10-02,Brooklyn,1499
2025-10-03,Brooklyn,1881
2025-10-04,Brooklyn,1597
2025-10-05,Brooklyn,1598
2025-10-06,Brooklyn,1783
2025-10-07,Brooklyn,1770
2025-10-08,Brooklyn,1724
2025-10-09,Brooklyn,1936
2025-10-10,Brooklyn,1532
2025-10-11,Brooklyn,1492
2025-10-12,Brooklyn,1418
2025-10-13,Brooklyn,901
2025-10-14,Brooklyn,1672
2025-10-15,Brooklyn,1470
2025-10-16,Brooklyn,1582
2025-10-17,Brooklyn,1658
2025-10-18,Brooklyn,1536
2025-10-19,Brooklyn,1365
2025-10-20,Brooklyn,1215
2025-10-21,Brooklyn,1364
2025-10-22,Brooklyn,1467
2025-10-23,Brooklyn,1743
2025-10-24,Brooklyn,1779
2025-10-25,Brooklyn,1362
2025-10-26,Brooklyn,1548
2025-10-27,Brooklyn,1585
2025-10-28,Brooklyn,1713
2025-10-29,Brooklyn,1910
2025-10-30,Brooklyn,1560
2025-10-31,Brooklyn,1822
2025-11-01,Brooklyn,1648
2025-11-02,Brooklyn,1862
2025-11-03,Brooklyn,1622
2025-11-04,Brooklyn,1649
2025-11-05,Brooklyn,1786
2025-11-06,Brooklyn,1634
2025-11-07,Brooklyn,1753
2025-11-08,Brooklyn,1339
2025-11-09,Brooklyn,1415
2025-11-10,Brooklyn,1668
2025-11-11,Brooklyn,1379
2025-11-12,Brooklyn,1744
2025-11-13,Brooklyn,1698
2025-11-14,Brooklyn,1728
2025-11-15,Brooklyn,1361
2025-11-16,Brooklyn,1511
2025-11-17,Brooklyn,1984
2025-11-18,Brooklyn,2038
2025-11-19,Brooklyn,2107
2025-11-20,Brooklyn,2053
2025-11-21,Brooklyn,2100
2025-11-22,Brooklyn,1308
2025-11-23,Brooklyn,1444
2025-11-24,Brooklyn,1975
2025-11-25,Brooklyn,2016
2025-11-26,Brooklyn,1874
2025-11-27,Brooklyn,1213
2025-11-28,Brooklyn,868
2025-11-29,Brooklyn,1083
2025-11-30,Brooklyn,1220
2025-12-01,Brooklyn,1911
2025-12-02,Brooklyn,1901
2025-12-03,Brooklyn,2101
2025-12-04,Brooklyn,2131
2025-12-05,Brooklyn,1967
2025-12-06,Brooklyn,1276
2025-12-07,Brooklyn,1373
2025-12-08,Brooklyn,1950
2025-12-09,Brooklyn,1915
2025-12-10,Brooklyn,2098
2025-12-11,Brooklyn,2018
2025-12-12,Brooklyn,2017
2025-12-13,Brooklyn,1356
2025-12-14,Brooklyn,997
2025-12-15,Brooklyn,1746
2025-12-16,Brooklyn,1857
2025-12-17,Brooklyn,2078
2025-12-18,Brooklyn,2081
2025-12-19,Brooklyn,1805
2025-12-20,Brooklyn,1211
2025-12-21,Brooklyn,1274
2025-12-22,Brooklyn,1974
2025-12-23,Brooklyn,1747
2025-12-24,Brooklyn,1338
2025-12-25,Brooklyn,695
2025-12-26,Brooklyn,989
2025-12-27,Brooklyn,524
2025-12-28,Brooklyn,869
2025-12-29,Brooklyn,1511
2025-12-30,Brooklyn,1596
2025-12-31,Brooklyn,1935
2025-01-01,EWR,6
2025-01-02,EWR,8
2025-01-03,EWR,6
2025-01-04,EWR,2
2025-01-05,EWR,11
2025-01-06,EWR,3
2025-01-07,EWR,1
2025-01-09,EWR,4
2025-01-10,EWR,3
2025-01-11,EWR,2
2025-01-12,EWR,1
2025-01-13,EWR,2
2025-01-14,EWR,6
2025-01-15,EWR,4
2025-01-16,EWR,3
2025-01-17,EWR,2
2025-01-18,EWR,4
2025-01-19,EWR,4
2025-01-20,EWR,4
2025-01-21,EWR,1
2025-01-22,EWR,1
2025-01-23,EWR,3
2025-01-24,EWR,2
2025-01-25,EWR,4
2025-01-26,EWR,3
2025-01-27,EWR,3
2025-01-28,EWR,2
2025-01-29,EWR,1
2025-01-30,EWR,2
2025-01-31,EWR,2
2025-02-01,EWR,2
2025-02-03,EWR,1
2025-02-04,EWR,2
2025-02-05,EWR,4
2025-02-06,EWR,6
2025-02-07,EWR,7
2025-02-08,EWR,1
2025-02-09,EWR,2
2025-02-10,EWR,3
2025-02-11,EWR,3
2025-02-12,EWR,6
2025-02-13,EWR,3
2025-02-14,EWR,6
2025-02-15,EWR,6
2025-02-16,EWR,4
2025-02-17,EWR,2
2025-02-18,EWR,3
2025-02-19,EWR,2
2025-02-20,EWR,4
2025-02-21,EWR,4
2025-02-22,EWR,2
2025-02-23,EWR,11
2025-02-24,EWR,4
2025-02-25,EWR,4
2025-02-26,EWR,2
2025-02-27,EWR,4
2025-02-28,EWR,2
2025-03-01,EWR,2
2025-03-02,EWR,8
2025-03-03,EWR,6
2025-03-04,EWR,4
2025-03-05,EWR,1
2025-03-06,EWR,5
2025-03-07,EWR,1
2025-03-08,EWR,3
2025-03-09,EWR,2
2025-03-10,EWR,3
2025-03-11,EWR,3
2025-03-12,EWR,1
2025-03-13,EWR,4
2025-03-14,EWR,2
2025-03-15,EWR,7
2025-03-16,EWR,3
2025-03-17,EWR,6
2025-03-18,EWR,1
2025-03-19,EWR,1
2025-03-20,EWR,9
2025-03-21,EWR,5
2025-03-22,EWR,1
2025-03-23,EWR,6
2025-03-24,EWR,3
2025-03-25,EWR,1
2025-03-26,EWR,6
2025-03-27,EWR,5
2025-03-28,EWR,2
2025-03-29,EWR,3
2025-03-30,EWR,5
2025-03-31,EWR,3
2025-04-01,EWR,5
2025-04-02,EWR,1
2025-04-03,EWR,2
2025-04-04,EWR,2
2025-04-05,EWR,6
2025-04-06,EWR,3
2025-04-07,EWR,3
2025-04-08,EWR,3
2025-04-09,EWR,2
2025-04-10,EWR,4
2025-04-11,EWR,5
2025-04-12,EWR,1
2025-04-13,EWR,5
2025-04-14,EWR,4
2025-04-15,EWR,1
2025-04-16,EWR,1
2025-04-17,EWR,7
2025-04-19,EWR,2
2025-04-20,EWR,2
2025-04-21,EWR,7
2025-04-22,EWR,8
2025-04-23,EWR,8
2025-04-24,EWR,7
2025-04-25,EWR,1
2025-04-26,EWR,5
2025-04-27,EWR,6
2025-04-28,EWR,5
2025-04-29,EWR,2
2025-04-30,EWR,8
2025-05-01,EWR,8
2025-05-02,EWR,5
2025-05-03,EWR,7
2025-05-05,EWR,1
2025-05-06,EWR,3
2025-05-07,EWR,4
2025-05-08,EWR,7
2025-05-09,EWR,5
2025-05-10,EWR,6
2025-05-11,EWR,4
2025-05-12,EWR,3
2025-05-14,EWR,2
2025-05-15,EWR,6
2025-05-16,EWR,5
2025-05-17,EWR,6
2025-05-18,EWR,7
2025-05-19,EWR,7
2025-05-20,EWR,3
2025-05-21,EWR,6
2025-05-22,EWR,7
2025-05-23,EWR,2
2025-05-24,EWR,3
2025-05-25,EWR,4
2025-05-26,EWR,5
2025-05-27,EWR,1
2025-05-28,EWR,8
2025-05-29,EWR,2
2025-05-30,EWR,7
2025-05-31,EWR,2
2025-06-01,EWR,4
2025-06-02,EWR,1
2025-06-03,EWR,2
2025-06-04,EWR,2
2025-06-05,EWR,2
2025-06-06,EWR,2
2025-06-07,EWR,4
2025-06-08,EWR,6
2025-06-09,EWR,3
2025-06-10,EWR,2
2025-06-11,EWR,3
2025-06-12,EWR,6
2025-06-13,EWR,3
2025-06-15,EWR,2
2025-06-16,EWR,3
2025-06-18,EWR,2
2025-06-19,EWR,3
2025-06-20,EWR,5
2025-06-21,EWR,4
2025-06-22,EWR,5
2025-06-23,EWR,4
2025-06-24,EWR,1
2025-06-25,EWR,1
2025-06-26,EWR,1
2025-06-27,EWR,3
2025-06-28,EWR,7
2025-06-29,EWR,3
2025-06-30,EWR,5
2025-07-01,EWR,4
2025-07-02,EWR,1
2025-07-03,EWR,4
2025-07-04,EWR,1
2025-07-05,EWR,1
2025-07-06,EWR,7
2025-07-07,EWR,4
2025-07-08,EWR,2
2025-07-09,EWR,1
2025-07-10,EWR,7
2025-07-11,EWR,5
2025-07-12,EWR,3
2025-07-13,EWR,4
2025-07-14,EWR,5
2025-07-15,EWR,2
2025-07-16,EWR,6
2025-07-17,EWR,4
2025-07-19,EWR,4
2025-07-20,EWR,5
2025-07-22,EWR,2
2025-07-23,EWR,6
2025-07-24,EWR,1
2025-07-25,EWR,1
2025-07-26,EWR,8
2025-07-27,EWR,2
2025-07-28,EWR,3
2025-07-29,EWR,5
2025-07-30,EWR,1
2025-07-31,EWR,5
2025-08-01,EWR,6
2025-08-02,EWR,4
2025-08-03,EWR,1
2025-08-04,EWR,3
2025-08-05,EWR,4
2025-08-06,EWR,5
2025-08-07,EWR,6
2025-08-08,EWR,2
2025-08-09,EWR,3
2025-08-10,EWR,7
2025-08-11,EWR,5
2025-08-12,EWR,1
2025-08-13,EWR,3
2025-08-14,EWR,2
2025-08-15,EWR,4
2025-08-16,EWR,3
2025-08-17,EWR,14
2025-08-18,EWR,4
2025-08-19,EWR,2
2025-08-20,EWR,4
2025-08-22,EWR,7
2025-08-23,EWR,4
2025-08-24,EWR,6
2025-08-25,EWR,1
2025-08-26,EWR,3
2025-08-27,EWR,3
2025-08-28,EWR,3
2025-08-29,EWR,6
2025-08-30,EWR,3
2025-08-31,EWR,9
2025-09-01,EWR,10
2025-09-02,EWR,3
2025-09-03,EWR,3
2025-09-04,EWR,1
2025-09-05,EWR,2
2025-09-06,EWR,5
2025-09-07,EWR,7
2025-09-08,EWR,2
2025-09-10,EWR,2
2025-09-11,EWR,4
2025-09-12,EWR,1
2025-09-13,EWR,1
2025-09-14,EWR,7
2025-09-15,EWR,3
2025-09-17,EWR,4
2025-09-18,EWR,5
2025-09-19,EWR,3
2025-09-20,EWR,3
2025-09-21,EWR,9
2025-09-22,EWR,3
2025-09-23,EWR,5
2025-09-24,EWR,4
2025-09-25,EWR,1
2025-09-26,EWR,7
2025-09-27,EWR,6
2025-09-28,EWR,5
2025-09-29,EWR,3
2025-09-30,EWR,2
2025-10-01,EWR,4
2025-10-02,EWR,3
2025-10-03,EWR,2
2025-10-04,EWR,6
2025-10-05,EWR,11
2025-10-06,EWR,1
2025-10-07,EWR,4
2025-10-08,EWR,6
2025-10-09,EWR,3
2025-10-10,EWR,4
2025-10-11,EWR,8
2025-10-12,EWR,9
2025-10-13,EWR,8
2025-10-14,EWR,9
2025-10-15,EWR,4
2025-10-16,EWR,5
2025-10-17,EWR,5
2025-10-18,EWR,5
2025-10-19,EWR,5
2025-10-20,EWR,3
2025-10-21,EWR,4
2025-10-22,EWR,3
2025-10-23,EWR,1
2025-10-24,EWR,3
2025-10-25,EWR,3
2025-10-26,EWR,9
2025-10-27,EWR,2
2025-10-28,EWR,4
2025-10-29,EWR,8
2025-10-30,EWR,5
2025-10-31,EWR,6
2025-11-01,EWR,7
2025-11-02,EWR,11
2025-11-03,EWR,3
2025-11-04,EWR,7
2025-11-05,EWR,3
2025-11-06,EWR,5
2025-11-07,EWR,5
2025-11-08,EWR,3
2025-11-09,EWR,9
2025-11-10,EWR,5
2025-11-11,EWR,6
2025-11-12,EWR,1
2025-11-13,EWR,6
2025-11-14,EWR,3
2025-11-16,EWR,10
2025-11-17,EWR,4
2025-11-18,EWR,2
2025-11-19,EWR,5
2025-11-20,EWR,3
2025-11-21,EWR,3
2025-11-22,EWR,3
2025-11-23,EWR,3
2025-11-24,EWR,2
2025-11-25,EWR,5
2025-11-26,EWR,3
2025-11-27,EWR,2
2025-11-28,EWR,4
2025-11-29,EWR,4
2025-11-30,EWR,14
2025-12-01,EWR,11
2025-12-02,EWR,4
2025-12-03,EWR,2
2025-12-04,EWR,5
2025-12-05,EWR,4
2025-12-06,EWR,3
2025-12-07,EWR,7
2025-12-08,EWR,8
2025-12-09,EWR,2
2025-12-10,EWR,4
2025-12-11,EWR,4
2025-12-12,EWR,3
2025-12-13,EWR,2
2025-12-14,EWR,8
2025-12-15,EWR,2
2025-12-16,EWR,5
2025-12-17,EWR,3
2025-12-18,EWR,6
2025-12-19,EWR,2
2025-12-20,EWR,1
2025-12-21,EWR,12
2025-12-22,EWR,7
2025-12-23,EWR,7
2025-12-24,EWR,3
2025-12-25,EWR,4
2025-12-26,EWR,4
2025-12-27,EWR,12
2025-12-28,EWR,12
2025-12-29,EWR,3
2025-12-30,EWR,5
2025-12-31,EWR,3
2025-01-01,Manhattan,61913
2025-01-02,Manhattan,67923
2025-01-03,Manhattan,74885
2025-01-04,Manhattan,80994
2025-01-05,Manhattan,62248
2025-01-06,Manhattan,63845
2025-01-07,Manhattan,80381
2025-01-08,Manhattan,88387
2025-01-09,Manhattan,92007
2025-01-10,Manhattan,85685
2025-01-11,Manhattan,92541
2025-01-12,Manhattan,71976
2025-01-13,Manhattan,76258
2025-01-14,Manhattan,92688
2025-01-15,Manhattan,95115
2025-01-16,Manhattan,101603
2025-01-17,Manhattan,87212
2025-01-18,Manhattan,86435
2025-01-19,Manhattan,71516
2025-01-20,Manhattan,54679
2025-01-21,Manhattan,82770
2025-01-22,Manhattan,91472
2025-01-23,Manhattan,98393
2025-01-24,Manhattan,93723
2025-01-25,Manhattan,100042
2025-01-26,Manhattan,70918
2025-01-27,Manhattan,71131
2025-01-28,Manhattan,86955
2025-01-29,Manhattan,91617
2025-01-30,Manhattan,98383
2025-01-31,Manhattan,91252
2025-02-01,Manhattan,100372
2025-02-02,Manhattan,77994
2025-02-03,Manhattan,71932
2025-02-04,Manhattan,90359
2025-02-05,Manhattan,95726
2025-02-06,Manhattan,92716
2025-02-07,Manhattan,97219
2025-02-08,Manhattan,98056
2025-02-09,Manhattan,67544
2025-02-10,Manhattan,76645
2025-02-11,Manhattan,90927
2025-02-12,Manhattan,91753
2025-02-13,Manhattan,97163
2025-02-14,Manhattan,96867
2025-02-15,Manhattan,89050
2025-02-16,Manhattan,65749
2025-02-17,Manhattan,62024
2025-02-18,Manhattan,82978
2025-02-19,Manhattan,89968
2025-02-20,Manhattan,99242
2025-02-21,Manhattan,91759
2025-02-22,Manhattan,90523
2025-02-23,Manhattan,69011
2025-02-24,Manhattan,69573
2025-02-25,Manhattan,85250
2025-02-26,Manhattan,93175
2025-02-27,Manhattan,101803
2025-02-28,Manhattan,97123
2025-03-01,Manhattan,104485
2025-03-02,Manhattan,78048
2025-03-03,Manhattan,79364
2025-03-04,Manhattan,90902
2025-03-05,Manhattan,98420
2025-03-06,Manhattan,102435
2025-03-07,Manhattan,94681
2025-03-08,Manhattan,97279
2025-03-09,Manhattan,71882
2025-03-10,Manhattan,73953
2025-03-11,Manhattan,91281
2025-03-12,Manhattan,101513
2025-03-13,Manhattan,108555
2025-03-14,Manhattan,99606
2025-03-15,Manhattan,99501
2025-03-16,Manhattan,72596
2025-03-17,Manhattan,73754
2025-03-18,Manhattan,87926
2025-03-19,Manhattan,92527
2025-03-20,Manhattan,102047
2025-03-21,Manhattan,91184
2025-03-22,Manhattan,95125
2025-03-23,Manhattan,74879
2025-03-24,Manhattan,75258
2025-03-25,Manhattan,86530
2025-03-26,Manhattan,96183
2025-03-27,Manhattan,99662
2025-03-28,Manhattan,93877
2025-03-29,Manhattan,103589
2025-03-30,Manhattan,73137
2025-03-31,Manhattan,76317
2025-04-01,Manhattan,91481
2025-04-02,Manhattan,100639
2025-04-03,Manhattan,100807
2025-04-04,Manhattan,97475
2025-04-05,Manhattan,104287
2025-04-06,Manhattan,75510
2025-04-07,Manhattan,83115
2025-04-08,Manhattan,96826
2025-04-09,Manhattan,100614
2025-04-10,Manhattan,106315
2025-04-11,Manhattan,101509
2025-04-12,Manhattan,95575
2025-04-13,Manhattan,70069
2025-04-14,Manhattan,72012
2025-04-15,Manhattan,90310
2025-04-16,Manhattan,100546
2025-04-17,Manhattan,98015
2025-04-18,Manhattan,87781
2025-04-19,Manhattan,90312
2025-04-20,Manhattan,69914
2025-04-21,Manhattan,76243
2025-04-22,Manhattan,90622
2025-04-23,Manhattan,99770
2025-04-24,Manhattan,106017
2025-04-25,Manhattan,102196
2025-04-26,Manhattan,107122
2025-04-27,Manhattan,81895
2025-04-28,Manhattan,77264
2025-04-29,Manhattan,92103
2025-04-30,Manhattan,99869
2025-05-01,Manhattan,107206
2025-05-02,Manhattan,100118
2025-05-03,Manhattan,103379
2025-05-04,Manhattan,78026
2025-05-05,Manhattan,84706
2025-05-06,Manhattan,94430
2025-05-07,Manhattan,101033
2025-05-08,Manhattan,110450
2025-05-09,Manhattan,100837
2025-05-10,Manhattan,100473
2025-05-11,Manhattan,82164
2025-05-12,Manhattan,82745
2025-05-13,Manhattan,100910
2025-05-14,Manhattan,99342
2025-05-15,Manhattan,106795
2025-05-16,Manhattan,99074
2025-05-17,Manhattan,100521
2025-05-18,Manhattan,75867
2025-05-19,Manhattan,84135
2025-05-20,Manhattan,96838
2025-05-21,Manhattan,105428
2025-05-22,Manhattan,99599
2025-05-23,Manhattan,83434
2025-05-24,Manhattan,72234
2025-05-25,Manhattan,60990
2025-05-26,Manhattan,51314
2025-05-27,Manhattan,82411
2025-05-28,Manhattan,98419
2025-05-29,Manhattan,98503
2025-05-30,Manhattan,93498
2025-05-31,Manhattan,91985
2025-06-01,Manhattan,72180
2025-06-02,Manhattan,75192
2025-06-03,Manhattan,93001
2025-06-04,Manhattan,102703
2025-06-05,Manhattan,106328
2025-06-06,Manhattan,88799
2025-06-07,Manhattan,86825
2025-06-08,Manhattan,70080
2025-06-09,Manhattan,81573
2025-06-10,Manhattan,92348
2025-06-11,Manhattan,99470
2025-06-12,Manhattan,104967
2025-06-13,Manhattan,90235
2025-06-14,Manhattan,82262
2025-06-15,Manhattan,66934
2025-06-16,Manhattan,75903
2025-06-17,Manhattan,89252
2025-06-18,Manhattan,98566
2025-06-19,Manhattan,88519
2025-06-20,Manhattan,84266
2025-06-21,Manhattan,83606
2025-06-22,Manhattan,66687
2025-06-23,Manhattan,80397
2025-06-24,Manhattan,94812
2025-06-25,Manhattan,99471
2025-06-26,Manhattan,96255
2025-06-27,Manhattan,84604
2025-06-28,Manhattan,83218
2025-06-29,Manhattan,68315
2025-06-30,Manhattan,72632
2025-07-01,Manhattan,84238
2025-07-02,Manhattan,72865
2025-07-03,Manhattan,63745
2025-07-04,Manhattan,42019
2025-07-05,Manhattan,50638
2025-07-06,Manhattan,51454
2025-07-07,Manhattan,64746
2025-07-08,Manhattan,85613
2025-07-09,Manhattan,89377
2025-07-10,Manhattan,84108
2025-07-11,Manhattan,76853
2025-07-12,Manhattan,77105
2025-07-13,Manhattan,62833
2025-07-14,Manhattan,78214
2025-07-15,Manhattan,86487
2025-07-16,Manhattan,95109
2025-07-17,Manhattan,92844
2025-07-18,Manhattan,77113
2025-07-19,Manhattan,76046
2025-07-20,Manhattan,65199
2025-07-21,Manhattan,69075
2025-07-22,Manhattan,80490
2025-07-23,Manhattan,85646
2025-07-24,Manhattan,86517
2025-07-25,Manhattan,80622
2025-07-26,Manhattan,74999
2025-07-27,Manhattan,62759
2025-07-28,Manhattan,73986
2025-07-29,Manhattan,88429
2025-07-30,Manhattan,91483
2025-07-31,Manhattan,83918
2025-08-01,Manhattan,71624
2025-08-02,Manhattan,70481
2025-08-03,Manhattan,59342
2025-08-04,Manhattan,65552
2025-08-05,Manhattan,77959
2025-08-06,Manhattan,83981
2025-08-07,Manhattan,78663
2025-08-08,Manhattan,70975
2025-08-09,Manhattan,65765
2025-08-10,Manhattan,55288
2025-08-11,Manhattan,63240
2025-08-12,Manhattan,77488
2025-08-13,Manhattan,88003
2025-08-14,Manhattan,79833
2025-08-15,Manhattan,71317
2025-08-16,Manhattan,70180
2025-08-17,Manhattan,61121
2025-08-18,Manhattan,58761
2025-08-19,Manhattan,70296
2025-08-20,Manhattan,85089
2025-08-21,Manhattan,74657
2025-08-22,Manhattan,69653
2025-08-23,Manhattan,72914
2025-08-24,Manhattan,60089
2025-08-25,Manhattan,59535
2025-08-26,Manhattan,69774
2025-08-27,Manhattan,72624
2025-08-28,Manhattan,72116
2025-08-29,Manhattan,66590
2025-08-30,Manhattan,67210
2025-08-31,Manhattan,57448
2025-09-01,Manhattan,50127
2025-09-02,Manhattan,74832
2025-09-03,Manhattan,87880
2025-09-04,Manhattan,97928
2025-09-05,Manhattan,90970
2025-09-06,Manhattan,87647
2025-09-07,Manhattan,69079
2025-09-08,Manhattan,78937
2025-09-09,Manhattan,92581
2025-09-10,Manhattan,98357
2025-09-11,Manhattan,99793
2025-09-12,Manhattan,95230
2025-09-13,Manhattan,96493
2025-09-14,Manhattan,77550
2025-09-15,Manhattan,81603
2025-09-16,Manhattan,96122
2025-09-17,Manhattan,101374
2025-09-18,Manhattan,104163
2025-09-19,Manhattan,96157
2025-09-20,Manhattan,95566
2025-09-21,Manhattan,76435
2025-09-22,Manhattan,75971
2025-09-23,Manhattan,77402
2025-09-24,Manhattan,89099
2025-09-25,Manhattan,97457
2025-09-26,Manhattan,95275
2025-09-27,Manhattan,98880
2025-09-28,Manhattan,75565
2025-09-29,Manhattan,79458
2025-09-30,Manhattan,94077
2025-10-01,Manhattan,92450
2025-10-02,Manhattan,89656
2025-10-03,Manhattan,92409
2025-10-04,Manhattan,93046
2025-10-05,Manhattan,72294
2025-10-06,Manhattan,78838
2025-10-07,Manhattan,93035
2025-10-08,Manhattan,100395
2025-10-09,Manhattan,107106
2025-10-10,Manhattan,98187
2025-10-11,Manhattan,97412
2025-10-12,Manhattan,75437
2025-10-13,Manhattan,68733
2025-10-14,Manhattan,92167
2025-10-15,Manhattan,100480
2025-10-16,Manhattan,107164
2025-10-17,Manhattan,98844
2025-10-18,Manhattan,96030
2025-10-19,Manhattan,78950
2025-10-20,Manhattan,83646
2025-10-21,Manhattan,92093
2025-10-22,Manhattan,100523
2025-10-23,Manhattan,107041
2025-10-24,Manhattan,98776
2025-10-25,Manhattan,98181
2025-10-26,Manhattan,78693
2025-10-27,Manhattan,81819
2025-10-28,Manhattan,95236
2025-10-29,Manhattan,99980
2025-10-30,Manhattan,94852
2025-10-31,Manhattan,100125
2025-11-01,Manhattan,102292
2025-11-02,Manhattan,82007
2025-11-03,Manhattan,83992
2025-11-04,Manhattan,89698
2025-11-05,Manhattan,98592
2025-11-06,Manhattan,106845
2025-11-07,Manhattan,98543
2025-11-08,Manhattan,101382
2025-11-09,Manhattan,80286
2025-11-10,Manhattan,86897
2025-11-11,Manhattan,87012
2025-11-12,Manhattan,96598
2025-11-13,Manhattan,104835
2025-11-14,Manhattan,101049
2025-11-15,Manhattan,103062
2025-11-16,Manhattan,80767
2025-11-17,Manhattan,84624
2025-11-18,Manhattan,97063
2025-11-19,Manhattan,100915
2025-11-20,Manhattan,105520
2025-11-21,Manhattan,97837
2025-11-22,Manhattan,96408
2025-11-23,Manhattan,74363
2025-11-24,Manhattan,79608
2025-11-25,Manhattan,91818
2025-11-26,Manhattan,79168
2025-11-27,Manhattan,51574
2025-11-28,Manhattan,64784
2025-11-29,Manhattan,71395
2025-11-30,Manhattan,62650
2025-12-01,Manhattan,78561
2025-12-02,Manhattan,93567
2025-12-03,Manhattan,99941
2025-12-04,Manhattan,111181
2025-12-05,Manhattan,104492
2025-12-06,Manhattan,103510
2025-12-07,Manhattan,81517
2025-12-08,Manhattan,91914
2025-12-09,Manhattan,101322
2025-12-10,Manhattan,103628
2025-12-11,Manhattan,111913
2025-12-12,Manhattan,107699
2025-12-13,Manhattan,103925
2025-12-14,Manhattan,76184
2025-12-15,Manhattan,86149
2025-12-16,Manhattan,97476
2025-12-17,Manhattan,99817
2025-12-18,Manhattan,102767
2025-12-19,Manhattan,98722
2025-12-20,Manhattan,92467
2025-12-21,Manhattan,71243
2025-12-22,Manhattan,71334
2025-12-23,Manhattan,69940
2025-12-24,Manhattan,59796
2025-12-25,Manhattan,35837
2025-12-26,Manhattan,52965
2025-12-27,Manhattan,50019
2025-12-28,Manhattan,51894
2025-12-29,Manhattan,61107
2025-12-30,Manhattan,67668
2025-12-31,Manhattan,61096
2025-01-01,Queens,8321
2025-01-02,Queens,9236
2025-01-03,Queens,8359
2025-01-04,Queens,8126
2025-01-05,Queens,9751
2025-01-06,Queens,8926
2025-01-07,Queens,8276
2025-01-08,Queens,7487
2025-01-09,Queens,7944
2025-01-10,Queens,8333
2025-01-11,Queens,7034
2025-01-12,Queens,9117
2025-01-13,Queens,8432
2025-01-14,Queens,7275
2025-01-15,Queens,7420
2025-01-16,Queens,8213
2025-01-17,Queens,8314
2025-01-18,Queens,5997
2025-01-19,Queens,6128
2025-01-20,Queens,11190
2025-01-21,Queens,8975
2025-01-22,Queens,7192
2025-01-23,Queens,7608
2025-01-24,Queens,7636
2025-01-25,Queens,5637
2025-01-26,Queens,8382
2025-01-27,Queens,8213
2025-01-28,Queens,6946
2025-01-29,Queens,7589
2025-01-30,Queens,7648
2025-01-31,Queens,7453
2025-02-01,Queens,5700
2025-02-02,Queens,8509
2025-02-03,Queens,8330
2025-02-04,Queens,6954
2025-02-05,Queens,7330
2025-02-06,Queens,6865
2025-02-07,Queens,7548
2025-02-08,Queens,5029
2025-02-09,Queens,9066
2025-02-10,Queens,8900
2025-02-11,Queens,6572
2025-02-12,Queens,6278
2025-02-13,Queens,7413
2025-02-14,Queens,8245
2025-02-15,Queens,5759
2025-02-16,Queens,6872
2025-02-17,Queens,10359
2025-02-18,Queens,10135
2025-02-19,Queens,7647
2025-02-20,Queens,7693
2025-02-21,Queens,8596
2025-02-22,Queens,6950
2025-02-23,Queens,9634
2025-02-24,Queens,9677
2025-02-25,Queens,8151
2025-02-26,Queens,8748
2025-02-27,Queens,8956
2025-02-28,Queens,9433
2025-03-01,Queens,7174
2025-03-02,Queens,10125
2025-03-03,Queens,9577
2025-03-04,Queens,7848
2025-03-05,Queens,7479
2025-03-06,Queens,8720
2025-03-07,Queens,8528
2025-03-08,Queens,6744
2025-03-09,Queens,10125
2025-03-10,Queens,10280
2025-03-11,Queens,8615
2025-03-12,Queens,8515
2025-03-13,Queens,8976
2025-03-14,Queens,8994
2025-03-15,Queens,7091
2025-03-16,Queens,9547
2025-03-17,Queens,11715
2025-03-18,Queens,8937
2025-03-19,Queens,8239
2025-03-20,Queens,9218
2025-03-21,Queens,10038
2025-03-22,Queens,7501
2025-03-23,Queens,11162
2025-03-24,Queens,10793
2025-03-25,Queens,9065
2025-03-26,Queens,8824
2025-03-27,Queens,9697
2025-03-28,Queens,9517
2025-03-29,Queens,7796
2025-03-30,Queens,11027
2025-03-31,Queens,11159
2025-04-01,Queens,10875
2025-04-02,Queens,8673
2025-04-03,Queens,9410
2025-04-04,Queens,8881
2025-04-05,Queens,7078
2025-04-06,Queens,10548
2025-04-07,Queens,10736
2025-04-08,Queens,8473
2025-04-09,Queens,8627
2025-04-10,Queens,8956
2025-04-11,Queens,8969
2025-04-12,Queens,6806
2025-04-13,Queens,9111
2025-04-14,Queens,9307
2025-04-15,Queens,8645
2025-04-16,Queens,9006
2025-04-17,Queens,9488
2025-04-18,Queens,8808
2025-04-19,Queens,6630
2025-04-20,Queens,9714
2025-04-21,Queens,11259
2025-04-22,Queens,10765
2025-04-23,Queens,9577
2025-04-24,Queens,10451
2025-04-25,Queens,9610
2025-04-26,Queens,7303
2025-04-27,Queens,11428
2025-04-28,Queens,11227
2025-04-29,Queens,9801
2025-04-30,Queens,10289
2025-05-01,Queens,11209
2025-05-02,Queens,9481
2025-05-03,Queens,6753
2025-05-04,Queens,11174
2025-05-05,Queens,11165
2025-05-06,Queens,11256
2025-05-07,Queens,11274
2025-05-08,Queens,10437
2025-05-09,Queens,10714
2025-05-10,Queens,8005
2025-05-11,Queens,11694
2025-05-12,Queens,12380
2025-05-13,Queens,10766
2025-05-14,Queens,10682
2025-05-15,Queens,12692
2025-05-16,Queens,11894
2025-05-17,Queens,9648
2025-05-18,Queens,12542
2025-05-19,Queens,12684
2025-05-20,Queens,10853
2025-05-21,Queens,10736
2025-05-22,Queens,11310
2025-05-23,Queens,10553
2025-05-24,Queens,7296
2025-05-25,Queens,8944
2025-05-26,Queens,12224
2025-05-27,Queens,11646
2025-05-28,Queens,10695
2025-05-29,Queens,10675
2025-05-30,Queens,9791
2025-05-31,Queens,8374
2025-06-01,Queens,12002
2025-06-02,Queens,11830
2025-06-03,Queens,10640
2025-06-04,Queens,10400
2025-06-05,Queens,10822
2025-06-06,Queens,10453
2025-06-07,Queens,10063
2025-06-08,Queens,12409
2025-06-09,Queens,12222
2025-06-10,Queens,10557
2025-06-11,Queens,10004
2025-06-12,Queens,10572
2025-06-13,Queens,9544
2025-06-14,Queens,7454
2025-06-15,Queens,10498
2025-06-16,Queens,11609
2025-06-17,Queens,8944
2025-06-18,Queens,9604
2025-06-19,Queens,9764
2025-06-20,Queens,10910
2025-06-21,Queens,8234
2025-06-22,Queens,12161
2025-06-23,Queens,12909
2025-06-24,Queens,10278
2025-06-25,Queens,9271
2025-06-26,Queens,10083
2025-06-27,Queens,11373
2025-06-28,Queens,8589
2025-06-29,Queens,10307
2025-06-30,Queens,9017
2025-07-01,Queens,8571
2025-07-02,Queens,8479
2025-07-03,Queens,7588
2025-07-04,Queens,7141
2025-07-05,Queens,7226
2025-07-06,Queens,11627
2025-07-07,Queens,11626
2025-07-08,Queens,10049
2025-07-09,Queens,10100
2025-07-10,Queens,9631
2025-07-11,Queens,9246
2025-07-12,Queens,7732
2025-07-13,Queens,10662
2025-07-14,Queens,11384
2025-07-15,Queens,11579
2025-07-16,Queens,9581
2025-07-17,Queens,10289
2025-07-18,Queens,9589
2025-07-19,Queens,7483
2025-07-20,Queens,10965
2025-07-21,Queens,11448
2025-07-22,Queens,9067
2025-07-23,Queens,9042
2025-07-24,Queens,9232
2025-07-25,Queens,9077
2025-07-26,Queens,9042
2025-07-27,Queens,9753
2025-07-28,Queens,12031
2025-07-29,Queens,9014
2025-07-30,Queens,8221
2025-07-31,Queens,9167
2025-08-01,Queens,9910
2025-08-02,Queens,7944
2025-08-03,Queens,10185
2025-08-04,Queens,9863
2025-08-05,Queens,8739
2025-08-06,Queens,8515
2025-08-07,Queens,8762
2025-08-08,Queens,8568
2025-08-09,Queens,7318
2025-08-10,Queens,10414
2025-08-11,Queens,10368
2025-08-12,Queens,8627
2025-08-13,Queens,8281
2025-08-14,Queens,10176
2025-08-15,Queens,9406
2025-08-16,Queens,7714
2025-08-17,Queens,10208
2025-08-18,Queens,11416
2025-08-19,Queens,9420
2025-08-20,Queens,9378
2025-08-21,Queens,10353
2025-08-22,Queens,10202
2025-08-23,Queens,8704
2025-08-24,Queens,11711
2025-08-25,Queens,11839
2025-08-26,Queens,11090
2025-08-27,Queens,11221
2025-08-28,Queens,11891
2025-08-29,Queens,12114
2025-08-30,Queens,10284
2025-08-31,Queens,11455
2025-09-01,Queens,13675
2025-09-02,Queens,12883
2025-09-03,Queens,11036
2025-09-04,Queens,9861
2025-09-05,Queens,11399
2025-09-06,Queens,7997
2025-09-07,Queens,12175
2025-09-08,Queens,11399
2025-09-09,Queens,9419
2025-09-10,Queens,10259
2025-09-11,Queens,10032
2025-09-12,Queens,10471
2025-09-13,Queens,7719
2025-09-14,Queens,11473
2025-09-15,Queens,11776
2025-09-16,Queens,9824
2025-09-17,Queens,9942
2025-09-18,Queens,11149
2025-09-19,Queens,10888
2025-09-20,Queens,8747
2025-09-21,Queens,12399
2025-09-22,Queens,11198
2025-09-23,Queens,8772
2025-09-24,Queens,10160
2025-09-25,Queens,10787
2025-09-26,Queens,11483
2025-09-27,Queens,7640
2025-09-28,Queens,11746
2025-09-29,Queens,11530
2025-09-30,Queens,9703
2025-10-01,Queens,9052
2025-10-02,Queens,9207
2025-10-03,Queens,9742
2025-10-04,Queens,7727
2025-10-05,Queens,12431
2025-10-06,Queens,11316
2025-10-07,Queens,9055
2025-10-08,Queens,9809
2025-10-09,Queens,11060
2025-10-10,Queens,11876
2025-10-11,Queens,8612
2025-10-12,Queens,10459
2025-10-13,Queens,12202
2025-10-14,Queens,12750
2025-10-15,Queens,11342
2025-10-16,Queens,11847
2025-10-17,Queens,11363
2025-10-18,Queens,8456
2025-10-19,Queens,12480
2025-10-20,Queens,12909
2025-10-21,Queens,11094
2025-10-22,Queens,10902
2025-10-23,Queens,11777
2025-10-24,Queens,11332
2025-10-25,Queens,8251
2025-10-26,Queens,12086
2025-10-27,Queens,11738
2025-10-28,Queens,9969
2025-10-29,Queens,10191
2025-10-30,Queens,9205
2025-10-31,Queens,11990
2025-11-01,Queens,8279
2025-11-02,Queens,10572
2025-11-03,Queens,10995
2025-11-04,Queens,9548
2025-11-05,Queens,9972
2025-11-06,Queens,11215
2025-11-07,Queens,11037
2025-11-08,Queens,7609
2025-11-09,Queens,10024
2025-11-10,Queens,12337
2025-11-11,Queens,10814
2025-11-12,Queens,10253
2025-11-13,Queens,10057
2025-11-14,Queens,10042
2025-11-15,Queens,7248
2025-11-16,Queens,10934
2025-11-17,Queens,11745
2025-11-18,Queens,10004
2025-11-19,Queens,9587
2025-11-20,Queens,10230
2025-11-21,Queens,10279
2025-11-22,Queens,7470
2025-11-23,Queens,9190
2025-11-24,Queens,8806
2025-11-25,Queens,8948
2025-11-26,Queens,7982
2025-11-27,Queens,5098
2025-11-28,Queens,7720
2025-11-29,Queens,11082
2025-11-30,Queens,13608
2025-12-01,Queens,14809
2025-12-02,Queens,13089
2025-12-03,Queens,11840
2025-12-04,Queens,11933
2025-12-05,Queens,11474
2025-12-06,Queens,7783
2025-12-07,Queens,10815
2025-12-08,Queens,12116
2025-12-09,Queens,11121
2025-12-10,Queens,10781
2025-12-11,Queens,10760
2025-12-12,Queens,11803
2025-12-13,Queens,7378
2025-12-14,Queens,8873
2025-12-15,Queens,12662
2025-12-16,Queens,9412
2025-12-17,Queens,8779
2025-12-18,Queens,8850
2025-12-19,Queens,8773
2025-12-20,Queens,7771
2025-12-21,Queens,7243
2025-12-22,Queens,7872
2025-12-23,Queens,6998
2025-12-24,Queens,4928
2025-12-25,Queens,5050
2025-12-26,Queens,6002
2025-12-27,Queens,8618
2025-12-28,Queens,11603
2025-12-29,Queens,10672
2025-12-30,Queens,9939
2025-12-31,Queens,7941
2025-01-01,Staten Island,2
2025-01-02,Staten Island,2
2025-01-03,Staten Island,3
2025-01-04,Staten Island,2
2025-01-05,Staten Island,4
2025-01-06,Staten Island,3
2025-01-07,Staten Island,1
2025-01-08,Staten Island,2
2025-01-09,Staten Island,5
2025-01-10,Staten Island,3
2025-01-11,Staten Island,3
2025-01-12,Staten Island,2
2025-01-13,Staten Island,2
2025-01-14,Staten Island,3
2025-01-15,Staten Island,1
2025-01-16,Staten Island,4
2025-01-17,Staten Island,2
2025-01-18,Staten Island,2
2025-01-19,Staten Island,1
2025-01-20,Staten Island,3
2025-01-21,Staten Island,1
2025-01-22,Staten Island,2
2025-01-23,Staten Island,2
2025-01-24,Staten Island,1
2025-01-25,Staten Island,3
2025-01-26,Staten Island,1
2025-01-27,Staten Island,1
2025-01-28,Staten Island,2
2025-01-29,Staten Island,4
2025-01-30,Staten Island,2
2025-01-31,Staten Island,2
2025-02-01,Staten Island,2
2025-02-02,Staten Island,3
2025-02-03,Staten Island,1
2025-02-04,Staten Island,1
2025-02-05,Staten Island,2
2025-02-06,Staten Island,1
2025-02-07,Staten Island,3
2025-02-08,Staten Island,2
2025-02-09,Staten Island,2
2025-02-10,Staten Island,2
2025-02-11,Staten Island,1
2025-02-12,Staten Island,2
2025-02-13,Staten Island,2
2025-02-14,Staten Island,1
2025-02-15,Staten Island,2
2025-02-16,Staten Island,2
2025-02-17,Staten Island,3
2025-02-18,Staten Island,4
2025-02-19,Staten Island,2
2025-02-20,Staten Island,2
2025-02-21,Staten Island,2
2025-02-22,Staten Island,1
2025-02-23,Staten Island,1
2025-02-24,Staten Island,5
2025-02-25,Staten Island,2
2025-02-26,Staten Island,1
2025-02-27,Staten Island,2
2025-02-28,Staten Island,3
2025-03-01,Staten Island,1
2025-03-02,Staten Island,3
2025-03-03,Staten Island,1
2025-03-04,Staten Island,3
2025-03-05,Staten Island,2
2025-03-06,Staten Island,2
2025-03-07,Staten Island,4
2025-03-08,Staten Island,2
2025-03-09,Staten Island,2
2025-03-11,Staten Island,5
2025-03-12,Staten Island,4
2025-03-13,Staten Island,2
2025-03-14,Staten Island,1
2025-03-15,Staten Island,3
2025-03-16,Staten Island,2
2025-03-17,Staten Island,3
2025-03-18,Staten Island,3
2025-03-19,Staten Island,2
2025-03-20,Staten Island,3
2025-03-21,Staten Island,2
2025-03-22,Staten Island,3
2025-03-23,Staten Island,1
2025-03-24,Staten Island,4
2025-03-25,Staten Island,1
2025-03-26,Staten Island,1
2025-03-27,Staten Island,2
2025-03-28,Staten Island,3
2025-03-29,Staten Island,3
2025-03-30,Staten Island,1
2025-03-31,Staten Island,1
2025-04-01,Staten Island,1
2025-04-02,Staten Island,2
2025-04-03,Staten Island,4
2025-04-04,Staten Island,1
2025-04-05,Staten Island,4
2025-04-06,Staten Island,4
2025-04-07,Staten Island,2
2025-04-08,Staten Island,2
2025-04-09,Staten Island,1
2025-04-10,Staten Island,2
2025-04-11,Staten Island,4
2025-04-12,Staten Island,2
2025-04-13,Staten Island,1
2025-04-14,Staten Island,2
2025-04-15,Staten Island,4
2025-04-16,Staten Island,2
2025-04-17,Staten Island,2
2025-04-18,Staten Island,4
2025-04-19,Staten Island,1
2025-04-20,Staten Island,2
2025-04-21,Staten Island,2
2025-04-22,Staten Island,3
2025-04-23,Staten Island,2
2025-04-24,Staten Island,2
2025-04-25,Staten Island,7
2025-04-26,Staten Island,4
2025-04-27,Staten Island,4
2025-04-29,Staten Island,3
2025-04-30,Staten Island,2
2025-05-01,Staten Island,2
2025-05-02,Staten Island,5
2025-05-03,Staten Island,4
2025-05-04,Staten Island,5
2025-05-05,Staten Island,2
2025-05-06,Staten Island,3
2025-05-07,Staten Island,4
2025-05-08,Staten Island,4
2025-05-09,Staten Island,4
2025-05-10,Staten Island,2
2025-05-11,Staten Island,3
2025-05-12,Staten Island,4
2025-05-13,Staten Island,2
2025-05-14,Staten Island,2
2025-05-15,Staten Island,2
2025-05-16,Staten Island,2
2025-05-17,Staten Island,1
2025-05-18,Staten Island,1
2025-05-19,Staten Island,3
2025-05-20,Staten Island,2
2025-05-21,Staten Island,1
2025-05-22,Staten Island,2
2025-05-23,Staten Island,1
2025-05-24,Staten Island,3
2025-05-25,Staten Island,2
2025-05-26,Staten Island,2
2025-05-27,Staten Island,2
2025-05-28,Staten Island,4
2025-05-29,Staten Island,1
2025-05-30,Staten Island,1
2025-05-31,Staten Island,3
2025-06-01,Staten Island,2
2025-06-03,Staten Island,2
2025-06-04,Staten Island,2
2025-06-05,Staten Island,1
2025-06-06,Staten Island,2
2025-06-07,Staten Island,2
2025-06-08,Staten Island,3
2025-06-09,Staten Island,4
2025-06-10,Staten Island,1
2025-06-11,Staten Island,2
2025-06-12,Staten Island,4
2025-06-13,Staten Island,1
2025-06-14,Staten Island,1
2025-06-15,Staten Island,2
2025-06-16,Staten Island,4
2025-06-17,Staten Island,3
2025-06-18,Staten Island,2
2025-06-19,Staten Island,2
2025-06-20,Staten Island,1
2025-06-21,Staten Island,1
2025-06-22,Staten Island,1
2025-06-23,Staten Island,2
2025-06-24,Staten Island,3
2025-06-25,Staten Island,3
2025-06-26,Staten Island,3
2025-06-27,Staten Island,3
2025-06-28,Staten Island,1
2025-06-29,Staten Island,1
2025-06-30,Staten Island,2
2025-07-01,Staten Island,2
2025-07-02,Staten Island,2
2025-07-03,Staten Island,1
2025-07-05,Staten Island,2
2025-07-06,Staten Island,3
2025-07-07,Staten Island,1
2025-07-08,Staten Island,3
2025-07-09,Staten Island,2
2025-07-10,Staten Island,2
2025-07-11,Staten Island,3
2025-07-12,Staten Island,1
2025-07-13,Staten Island,3
2025-07-14,Staten Island,3
2025-07-15,Staten Island,2
2025-07-16,Staten Island,2
2025-07-17,Staten Island,3
2025-07-18,Staten Island,3
2025-07-19,Staten Island,2
2025-07-20,Staten Island,2
2025-07-21,Staten Island,1
2025-07-22,Staten Island,2
2025-07-23,Staten Island,2
2025-07-24,Staten Island,3
2025-07-25,Staten Island,5
2025-07-26,Staten Island,2
2025-07-27,Staten Island,1
2025-07-28,Staten Island,2
2025-07-29,Staten Island,3
2025-07-30,Staten Island,1
2025-07-31,Staten Island,1
2025-08-01,Staten Island,3
2025-08-02,Staten Island,2
2025-08-03,Staten Island,2
2025-08-04,Staten Island,2
2025-08-06,Staten Island,2
2025-08-07,Staten Island,3
2025-08-08,Staten Island,1
2025-08-09,Staten Island,4
2025-08-10,Staten Island,3
2025-08-12,Staten Island,5
2025-08-13,Staten Island,3
2025-08-14,Staten Island,2
2025-08-15,Staten Island,4
2025-08-16,Staten Island,3
2025-08-17,Staten Island,6
2025-08-18,Staten Island,2
2025-08-19,Staten Island,3
2025-08-20,Staten Island,5
2025-08-21,Staten Island,5
2025-08-22,Staten Island,3
2025-08-23,Staten Island,3
2025-08-24,Staten Island,2
2025-08-25,Staten Island,1
2025-08-26,Staten Island,1
2025-08-27,Staten Island,1
2025-08-29,Staten Island,4
2025-08-31,Staten Island,1
2025-09-01,Staten Island,2
2025-09-02,Staten Island,1
2025-09-03,Staten Island,2
2025-09-04,Staten Island,3
2025-09-05,Staten Island,3
2025-09-06,Staten Island,2
2025-09-07,Staten Island,2
2025-09-08,Staten Island,3
2025-09-09,Staten Island,5
2025-09-10,Staten Island,3
2025-09-11,Staten Island,2
2025-09-12,Staten Island,2
2025-09-13,Staten Island,4
2025-09-14,Staten Island,2
2025-09-15,Staten Island,3
2025-09-16,Staten Island,3
2025-09-17,Staten Island,2
2025-09-18,Staten Island,1
2025-09-19,Staten Island,3
2025-09-20,Staten Island,3
2025-09-21,Staten Island,5
2025-09-22,Staten Island,6
2025-09-23,Staten Island,3
2025-09-24,Staten Island,1
2025-09-25,Staten Island,3
2025-09-26,Staten Island,4
2025-09-27,Staten Island,4
2025-09-28,Staten Island,3
2025-09-29,Staten Island,34
2025-09-30,Staten Island,2
2025-10-01,Staten Island,1
2025-10-02,Staten Island,3
2025-10-03,Staten Island,1
2025-10-04,Staten Island,1
2025-10-05,Staten Island,1
2025-10-06,Staten Island,3
2025-10-07,Staten Island,3
2025-10-08,Staten Island,2
2025-10-09,Staten Island,3
2025-10-10,Staten Island,2
2025-10-11,Staten Island,3
2025-10-12,Staten Island,2
2025-10-13,Staten Island,4
2025-10-14,Staten Island,4
2025-10-15,Staten Island,4
2025-10-16,Staten Island,1
2025-10-17,Staten Island,2
2025-10-18,Staten Island,3
2025-10-19,Staten Island,4
2025-10-20,Staten Island,1
2025-10-21,Staten Island,1
2025-10-22,Staten Island,2
2025-10-23,Staten Island,3
2025-10-24,Staten Island,1
2025-10-25,Staten Island,4
2025-10-26,Staten Island,3
2025-10-27,Staten Island,3
2025-10-28,Staten Island,2
2025-10-29,Staten Island,2
2025-10-30,Staten Island,5
2025-10-31,Staten Island,3
2025-11-01,Staten Island,3
2025-11-02,Staten Island,3
2025-11-03,Staten Island,4
2025-11-05,Staten Island,2
2025-11-06,Staten Island,3
2025-11-07,Staten Island,3
2025-11-08,Staten Island,1
2025-11-09,Staten Island,1
2025-11-10,Staten Island,1
2025-11-11,Staten Island,1
2025-11-12,Staten Island,3
2025-11-14,Staten Island,1
2025-11-15,Staten Island,2
2025-11-16,Staten Island,1
2025-11-17,Staten Island,1
2025-11-18,Staten Island,2
2025-11-19,Staten Island,1
2025-11-20,Staten Island,2
2025-11-21,Staten Island,4
2025-11-22,Staten Island,1
2025-11-23,Staten Island,3
2025-11-24,Staten Island,3
2025-11-25,Staten Island,1
2025-11-26,Staten Island,2
2025-11-27,Staten Island,3
2025-11-28,Staten Island,1
2025-11-29,Staten Island,2
2025-11-30,Staten Island,1
2025-12-01,Staten Island,3
2025-12-02,Staten Island,3
2025-12-05,Staten Island,1
2025-12-06,Staten Island,1
2025-12-07,Staten Island,3
2025-12-08,Staten Island,1
2025-12-09,Staten Island,2
2025-12-10,Staten Island,2
2025-12-11,Staten Island,2
2025-12-13,Staten Island,3
2025-12-14,Staten Island,2
2025-12-15,Staten Island,1
2025-12-17,Staten Island,1
2025-12-18,Staten Island,3
2025-12-19,Staten Island,2
2025-12-20,Staten Island,5
2025-12-21,Staten Island,3
2025-12-22,Staten Island,3
2025-12-23,Staten Island,2
2025-12-24,Staten Island,2
2025-12-25,Staten Island,1
2025-12-26,Staten Island,1
2025-12-27,Staten Island,2
2025-12-28,Staten Island,2
2025-12-29,Staten Island,1
2025-12-30,Staten Island,1
2025-12-31,Staten Island,12
2025-01-01,Unknown,200
2025-01-02,Unknown,223
2025-01-03,Unknown,282
2025-01-04,Unknown,265
2025-01-05,Unknown,251
2025-01-06,Unknown,213
2025-01-07,Unknown,244
2025-01-08,Unknown,294
2025-01-09,Unknown,322
2025-01-10,Unknown,265
2025-01-11,Unknown,257
2025-01-12,Unknown,267
2025-01-13,Unknown,245
2025-01-14,Unknown,294
2025-01-15,Unknown,333
2025-01-16,Unknown,272
2025-01-17,Unknown,307
2025-01-18,Unknown,246
2025-01-19,Unknown,223
2025-01-20,Unknown,203
2025-01-21,Unknown,214
2025-01-22,Unknown,307
2025-01-23,Unknown,314
2025-01-24,Unknown,291
2025-01-25,Unknown,288
2025-01-26,Unknown,219
2025-01-27,Unknown,205
2025-01-28,Unknown,287
2025-01-29,Unknown,303
2025-01-30,Unknown,301
2025-01-31,Unknown,313
2025-02-01,Unknown,309
2025-02-02,Unknown,284
2025-02-03,Unknown,198
2025-02-04,Unknown,195
2025-02-05,Unknown,320
2025-02-06,Unknown,316
2025-02-07,Unknown,270
2025-02-08,Unknown,321
2025-02-09,Unknown,265
2025-02-10,Unknown,260
2025-02-11,Unknown,206
2025-02-12,Unknown,274
2025-02-13,Unknown,269
2025-02-14,Unknown,265
2025-02-15,Unknown,307
2025-02-16,Unknown,156
2025-02-17,Unknown,208
2025-02-18,Unknown,337
2025-02-19,Unknown,345
2025-02-20,Unknown,276
2025-02-21,Unknown,277
2025-02-22,Unknown,287
2025-02-23,Unknown,203
2025-02-24,Unknown,170
2025-02-25,Unknown,278
2025-02-26,Unknown,247
2025-02-27,Unknown,288
2025-02-28,Unknown,307
2025-03-01,Unknown,300
2025-03-02,Unknown,261
2025-03-03,Unknown,239
2025-03-04,Unknown,221
2025-03-05,Unknown,265
2025-03-06,Unknown,278
2025-03-07,Unknown,270
2025-03-08,Unknown,306
2025-03-09,Unknown,194
2025-03-10,Unknown,226
2025-03-11,Unknown,310
2025-03-12,Unknown,289
2025-03-13,Unknown,312
2025-03-14,Unknown,234
2025-03-15,Unknown,220
2025-03-16,Unknown,191
2025-03-17,Unknown,217
2025-03-18,Unknown,238
2025-03-19,Unknown,247
2025-03-20,Unknown,237
2025-03-21,Unknown,209
2025-03-22,Unknown,266
2025-03-23,Unknown,283
2025-03-24,Unknown,188
2025-03-25,Unknown,205
2025-03-26,Unknown,255
2025-03-27,Unknown,274
2025-03-28,Unknown,295
2025-03-29,Unknown,300
2025-03-30,Unknown,203
2025-03-31,Unknown,198
2025-04-01,Unknown,293
2025-04-02,Unknown,283
2025-04-03,Unknown,229
2025-04-04,Unknown,212
2025-04-05,Unknown,293
2025-04-06,Unknown,244
2025-04-07,Unknown,205
2025-04-08,Unknown,234
2025-04-09,Unknown,214
2025-04-10,Unknown,262
2025-04-11,Unknown,303
2025-04-12,Unknown,247
2025-04-13,Unknown,238
2025-04-14,Unknown,188
2025-04-15,Unknown,195
2025-04-16,Unknown,261
2025-04-17,Unknown,282
2025-04-18,Unknown,272
2025-04-19,Unknown,259
2025-04-20,Unknown,192
2025-04-21,Unknown,234
2025-04-22,Unknown,226
2025-04-23,Unknown,271
2025-04-24,Unknown,261
2025-04-25,Unknown,231
2025-04-26,Unknown,311
2025-04-27,Unknown,257
2025-04-28,Unknown,219
2025-04-29,Unknown,213
2025-04-30,Unknown,282
2025-05-01,Unknown,297
2025-05-02,Unknown,326
2025-05-03,Unknown,240
2025-05-04,Unknown,251
2025-05-05,Unknown,181
2025-05-06,Unknown,206
2025-05-07,Unknown,213
2025-05-08,Unknown,237
2025-05-09,Unknown,271
2025-05-10,Unknown,282
2025-05-11,Unknown,327
2025-05-12,Unknown,235
2025-05-13,Unknown,223
2025-05-14,Unknown,216
2025-05-15,Unknown,230
2025-05-16,Unknown,263
2025-05-17,Unknown,260
2025-05-18,Unknown,255
2025-05-19,Unknown,234
2025-05-20,Unknown,280
2025-05-21,Unknown,249
2025-05-22,Unknown,308
2025-05-23,Unknown,282
2025-05-24,Unknown,245
2025-05-25,Unknown,201
2025-05-26,Unknown,163
2025-05-27,Unknown,229
2025-05-28,Unknown,290
2025-05-29,Unknown,302
2025-05-30,Unknown,248
2025-05-31,Unknown,199
2025-06-01,Unknown,206
2025-06-02,Unknown,203
2025-06-03,Unknown,242
2025-06-04,Unknown,278
2025-06-05,Unknown,245
2025-06-06,Unknown,295
2025-06-07,Unknown,251
2025-06-08,Unknown,210
2025-06-09,Unknown,213
2025-06-10,Unknown,248
2025-06-11,Unknown,188
2025-06-12,Unknown,232
2025-06-13,Unknown,225
2025-06-14,Unknown,256
2025-06-15,Unknown,212
2025-06-16,Unknown,212
2025-06-17,Unknown,234
2025-06-18,Unknown,245
2025-06-19,Unknown,227
2025-06-20,Unknown,213
2025-06-21,Unknown,225
2025-06-22,Unknown,283
2025-06-23,Unknown,210
2025-06-24,Unknown,201
2025-06-25,Unknown,196
2025-06-26,Unknown,185
2025-06-27,Unknown,237
2025-06-28,Unknown,218
2025-06-29,Unknown,224
2025-06-30,Unknown,191
2025-07-01,Unknown,187
2025-07-02,Unknown,195
2025-07-03,Unknown,182
2025-07-04,Unknown,132
2025-07-05,Unknown,162
2025-07-06,Unknown,188
2025-07-07,Unknown,200
2025-07-08,Unknown,222
2025-07-09,Unknown,226
2025-07-10,Unknown,219
2025-07-11,Unknown,242
2025-07-12,Unknown,232
2025-07-13,Unknown,225
2025-07-14,Unknown,218
2025-07-15,Unknown,228
2025-07-16,Unknown,178
2025-07-17,Unknown,233
2025-07-18,Unknown,201
2025-07-19,Unknown,225
2025-07-20,Unknown,196
2025-07-21,Unknown,196
2025-07-22,Unknown,222
2025-07-23,Unknown,246
2025-07-24,Unknown,206
2025-07-25,Unknown,237
2025-07-26,Unknown,209
2025-07-27,Unknown,199
2025-07-28,Unknown,224
2025-07-29,Unknown,166
2025-07-30,Unknown,200
2025-07-31,Unknown,210
2025-08-01,Unknown,170
2025-08-02,Unknown,183
2025-08-03,Unknown,229
2025-08-04,Unknown,152
2025-08-05,Unknown,183
2025-08-06,Unknown,194
2025-08-07,Unknown,197
2025-08-08,Unknown,193
2025-08-09,Unknown,224
2025-08-10,Unknown,177
2025-08-11,Unknown,160
2025-08-12,Unknown,195
2025-08-13,Unknown,159
2025-08-14,Unknown,198
2025-08-15,Unknown,176
2025-08-16,Unknown,183
2025-08-17,Unknown,192
2025-08-18,Unknown,148
2025-08-19,Unknown,199
2025-08-20,Unknown,168
2025-08-21,Unknown,154
2025-08-22,Unknown,167
2025-08-23,Unknown,186
2025-08-24,Unknown,202
2025-08-25,Unknown,153
2025-08-26,Unknown,184
2025-08-27,Unknown,186
2025-08-28,Unknown,224
2025-08-29,Unknown,187
2025-08-30,Unknown,165
2025-08-31,Unknown,195
2025-09-01,Unknown,181
2025-09-02,Unknown,198
2025-09-03,Unknown,171
2025-09-04,Unknown,207
2025-09-05,Unknown,214
2025-09-06,Unknown,221
2025-09-07,Unknown,213
2025-09-08,Unknown,179
2025-09-09,Unknown,196
2025-09-10,Unknown,241
2025-09-11,Unknown,249
2025-09-12,Unknown,235
2025-09-13,Unknown,241
2025-09-14,Unknown,217
2025-09-15,Unknown,174
2025-09-16,Unknown,184
2025-09-17,Unknown,239
2025-09-18,Unknown,233
2025-09-19,Unknown,220
2025-09-20,Unknown,246
2025-09-21,Unknown,264
2025-09-22,Unknown,169
2025-09-23,Unknown,159
2025-09-24,Unknown,215
2025-09-25,Unknown,231
2025-09-26,Unknown,226
2025-09-27,Unknown,220
2025-09-28,Unknown,195
2025-09-29,Unknown,191
2025-09-30,Unknown,197
2025-10-01,Unknown,184
2025-10-02,Unknown,228
2025-10-03,Unknown,224
2025-10-04,Unknown,217
2025-10-05,Unknown,207
2025-10-06,Unknown,228
2025-10-07,Unknown,202
2025-10-08,Unknown,240
2025-10-09,Unknown,236
2025-10-10,Unknown,269
2025-10-11,Unknown,221
2025-10-12,Unknown,181
2025-10-13,Unknown,182
2025-10-14,Unknown,198
2025-10-15,Unknown,235
2025-10-16,Unknown,262
2025-10-17,Unknown,230
2025-10-18,Unknown,230
2025-10-19,Unknown,264
2025-10-20,Unknown,176
2025-10-21,Unknown,200
2025-10-22,Unknown,242
2025-10-23,Unknown,236
2025-10-24,Unknown,217
2025-10-25,Unknown,269
2025-10-26,Unknown,238
2025-10-27,Unknown,210
2025-10-28,Unknown,213
2025-10-29,Unknown,235
2025-10-30,Unknown,171
2025-10-31,Unknown,221
2025-11-01,Unknown,268
2025-11-02,Unknown,302
2025-11-03,Unknown,197
2025-11-04,Unknown,190
2025-11-05,Unknown,245
2025-11-06,Unknown,212
2025-11-07,Unknown,248
2025-11-08,Unknown,248
2025-11-09,Unknown,229
2025-11-10,Unknown,227
2025-11-11,Unknown,240
2025-11-12,Unknown,218
2025-11-13,Unknown,244
2025-11-14,Unknown,199
2025-11-15,Unknown,216
2025-11-16,Unknown,213
2025-11-17,Unknown,257
2025-11-18,Unknown,233
2025-11-19,Unknown,249
2025-11-20,Unknown,252
2025-11-21,Unknown,210
2025-11-22,Unknown,225
2025-11-23,Unknown,182
2025-11-24,Unknown,203
2025-11-25,Unknown,217
2025-11-26,Unknown,157
2025-11-27,Unknown,130
2025-11-28,Unknown,161
2025-11-29,Unknown,185
2025-11-30,Unknown,201
2025-12-01,Unknown,204
2025-12-02,Unknown,202
2025-12-03,Unknown,251
2025-12-04,Unknown,249
2025-12-05,Unknown,278
2025-12-06,Unknown,229
2025-12-07,Unknown,188
2025-12-08,Unknown,194
2025-12-09,Unknown,268
2025-12-10,Unknown,204
2025-12-11,Unknown,283
2025-12-12,Unknown,255
2025-12-13,Unknown,289
2025-12-14,Unknown,243
2025-12-15,Unknown,207
2025-12-16,Unknown,208
2025-12-17,Unknown,231
2025-12-18,Unknown,209
2025-12-19,Unknown,188
2025-12-20,Unknown,183
2025-12-21,Unknown,153
2025-12-22,Unknown,177
2025-12-23,Unknown,151
2025-12-24,Unknown,151
2025-12-25,Unknown,119
2025-12-26,Unknown,136
2025-12-27,Unknown,116
2025-12-28,Unknown,146
2025-12-29,Unknown,125
2025-12-30,Unknown,163
2025-12-31,Unknown,164
